patch	package_version	tier	threads	platform	dataset	variant	status	n_reps	sec_reps	sec_mean	sec_median	mem_reps	mem_mean	mem_median	speedup_x_reps	speedup_x_mean	speedup_x_median	pass_rate	metrics_json_median	fw_versions	ts_first	ts_last	thread_scaling
scanpy	scanpy 1.11.5	ood_large3	1	Windows	gastrulation_pijuansala	baseline	ok	3	4.697, 4.671, 4.750	4.706	4.697	18829.0, 18829.0, 18829.0	18829.0	18829.0						0.3.0	2026-04-15T00:00:00	2026-04-15T00:00:00	flat
scanpy	scanpy 1.11.5	ood_large3	1	Windows	gastrulation_pijuansala	patched	ok	3	2.777, 1.897, 1.952	2.208	1.952	19086.0, 19086.0, 19086.0	19086.0	19086.0	1.874, 2.743, 2.666	2.428	2.666	1.0	"{""concordance"":1.0}"	0.3.0	2026-04-15T00:00:00	2026-04-15T00:00:00	scale
scanpy	scanpy 1.11.5	large	1	Windows	heart_adult	baseline	ok	3	4.974, 5.007, 5.103	5.028	5.007	24108.0, 24108.0, 24108.0	24108.0	24108.0						0.3.0	2026-04-15T00:00:00	2026-04-15T00:00:00	flat
scanpy	scanpy 1.11.5	large	1	Windows	heart_adult	patched	ok	3	6.555, 5.954, 6.425	6.311	6.425	24533.0, 24533.0, 24533.0	24533.0	24533.0	0.778, 0.857, 0.794	0.81	0.794	1.0	"{""concordance"":1.0}"	0.3.0	2026-04-15T00:00:00	2026-04-15T00:00:00	scale
scanpy	scanpy 1.11.5	medium	1	Windows	pbmc200k_glaucoma	baseline	ok	3	2.006, 1.980, 2.030	2.005	2.006	9212.0, 9212.0, 9212.0	9212.0	9212.0						0.3.0	2026-04-15T00:00:00	2026-04-15T00:00:00	flat
scanpy	scanpy 1.11.5	medium	1	Windows	pbmc200k_glaucoma	patched	ok	3	1.438, 1.385, 1.410	1.411	1.41	9643.0, 9643.0, 9643.0	9643.0	9643.0	1.383, 1.436, 1.410	1.41	1.41	1.0	"{""concordance"":1.0}"	0.3.0	2026-04-15T00:00:00	2026-04-15T00:00:00	scale
scanpy	scanpy 1.11.5	small	1	Windows	pbmc68k	baseline	ok	2	0.249, 0.152	0.2	0.2	632.0, 939.4	785.713	785.713						0.3.0	2026-04-15T00:00:00	2026-05-24T21:48:47	flat
scanpy	scanpy 1.11.5	small	1	Windows	pbmc68k	patched	ok	3	0.044, 0.045, 0.046	0.045	0.045	1059.0, 916.0, 916.4	963.784	916.375	5.604, 5.473, 5.334	5.47	5.473	1.0	"{""concordance"":1.0,""one_minus_rel_err"":1.0}"	0.3.0	2026-04-15T00:00:00	2026-05-24T21:48:47	scale
scanpy	scanpy 1.11.5	ood_large1	1	Windows	splitseq_rosenberg	baseline	ok	3	3.752, 1.118, 1.123	1.997	1.123	5082.0, 5082.0, 5082.0	5082.0	5082.0						0.3.0	2026-04-15T00:00:00	2026-04-15T00:00:00	flat
scanpy	scanpy 1.11.5	ood_large1	1	Windows	splitseq_rosenberg	patched	ok	3	0.483, 0.458, 0.466	0.469	0.466	5354.0, 5354.0, 5354.0	5354.0	5354.0	2.250, 2.370, 2.330	2.317	2.33	1.0	"{""concordance"":1.0}"	0.3.0	2026-04-15T00:00:00	2026-04-15T00:00:00	scale
scanpy	scanpy 1.11.5	ood_large2	1	Windows	tms_ss2	baseline	ok	3	3.195, 2.742, 2.757	2.898	2.757	10954.0, 10954.0, 10954.0	10954.0	10954.0						0.3.0	2026-04-15T00:00:00	2026-04-15T00:00:00	flat
scanpy	scanpy 1.11.5	ood_large2	1	Windows	tms_ss2	patched	ok	3	1.994, 2.080, 1.965	2.013	1.994	11386.0, 11386.0, 11386.0	11386.0	11386.0	1.570, 1.505, 1.593	1.556	1.57	1.0	"{""concordance"":1.0}"	0.3.0	2026-04-15T00:00:00	2026-04-15T00:00:00	scale
scanpy	scanpy 1.11.5	ood_large3	32	Windows	gastrulation_pijuansala	baseline	ok	3	3.886, 5.469, 5.326	4.894	5.326	18833.0, 18833.0, 18833.0	18833.0	18833.0						0.3.0	2026-04-15T00:00:00	2026-04-15T00:00:00	flat
scanpy	scanpy 1.11.5	ood_large3	32	Windows	gastrulation_pijuansala	patched	ok	3	0.243, 0.205, 0.180	0.209	0.205	19097.0, 19097.0, 19097.0	19097.0	19097.0	21.412, 25.401, 28.829	25.214	25.401	1.0	"{""concordance"":1.0}"	0.3.0	2026-04-15T00:00:00	2026-04-15T00:00:00	scale
scanpy	scanpy 1.11.5	large	32	Windows	heart_adult	baseline	ok	3	7.089, 6.784, 6.497	6.79	6.784	24114.0, 24114.0, 24114.0	24114.0	24114.0						0.3.0	2026-04-15T00:00:00	2026-04-15T00:00:00	flat
scanpy	scanpy 1.11.5	large	32	Windows	heart_adult	patched	ok	3	0.351, 0.344, 0.331	0.342	0.344	24547.0, 24547.0, 24547.0	24547.0	24547.0	14.538, 14.851, 15.402	14.931	14.851	1.0	"{""concordance"":1.0}"	0.3.0	2026-04-15T00:00:00	2026-04-15T00:00:00	scale
scanpy	scanpy 1.11.5	medium	32	Windows	pbmc200k_glaucoma	baseline	ok	3	2.274, 2.297, 1.989	2.186	2.274	9217.0, 9217.0, 9217.0	9217.0	9217.0						0.3.0	2026-04-15T00:00:00	2026-04-15T00:00:00	flat
scanpy	scanpy 1.11.5	medium	32	Windows	pbmc200k_glaucoma	patched	ok	3	0.137, 0.129, 0.122	0.129	0.129	9654.0, 9654.0, 9654.0	9654.0	9654.0	14.525, 15.470, 16.256	15.417	15.47	1.0	"{""concordance"":1.0}"	0.3.0	2026-04-15T00:00:00	2026-04-15T00:00:00	scale
scanpy	scanpy 1.11.5	small	32	Windows	pbmc68k	baseline	ok	3	2.621, 0.322, 0.295	1.079	0.322	640.0, 640.0, 640.0	640.0	640.0						0.3.0	2026-04-15T00:00:00	2026-04-15T00:00:00	flat
scanpy	scanpy 1.11.5	small	32	Windows	pbmc68k	patched	ok	3	0.004, 0.004, 0.004	0.004	0.004	1073.0, 1073.0, 1073.0	1073.0	1073.0	54.953, 63.811, 62.885	60.55	62.885	1.0	"{""concordance"":1.0}"	0.3.0	2026-04-15T00:00:00	2026-04-15T00:00:00	scale
scanpy	scanpy 1.11.5	ood_large1	32	Windows	splitseq_rosenberg	baseline	ok	3	1.086, 1.067, 1.068	1.074	1.068	5086.0, 5086.0, 5086.0	5086.0	5086.0						0.3.0	2026-04-15T00:00:00	2026-04-15T00:00:00	flat
scanpy	scanpy 1.11.5	ood_large1	32	Windows	splitseq_rosenberg	patched	ok	3	0.053, 0.054, 0.058	0.055	0.054	5367.0, 5367.0, 5367.0	5367.0	5367.0	20.490, 20.172, 18.873	19.845	20.172	1.0	"{""concordance"":1.0}"	0.3.0	2026-04-15T00:00:00	2026-04-15T00:00:00	scale
scanpy	scanpy 1.11.5	ood_large2	32	Windows	tms_ss2	baseline	ok	3	3.131, 3.254, 2.964	3.116	3.131	10959.0, 10959.0, 10959.0	10959.0	10959.0						0.3.0	2026-04-15T00:00:00	2026-04-15T00:00:00	flat
scanpy	scanpy 1.11.5	ood_large2	32	Windows	tms_ss2	patched	ok	3	0.165, 0.181, 0.162	0.17	0.165	11401.0, 11401.0, 11401.0	11401.0	11401.0	18.969, 17.256, 19.312	18.512	18.969	1.0	"{""concordance"":1.0}"	0.3.0	2026-04-15T00:00:00	2026-04-15T00:00:00	scale
scanpy	scanpy 1.11.5	ood_large3	4	Windows	gastrulation_pijuansala	baseline	ok	3	5.511, 5.252, 5.203	5.322	5.252	18830.0, 18830.0, 18830.0	18830.0	18830.0						0.3.0	2026-04-15T00:00:00	2026-04-15T00:00:00	flat
scanpy	scanpy 1.11.5	ood_large3	4	Windows	gastrulation_pijuansala	patched	ok	3	0.863, 0.732, 0.818	0.804	0.818	19086.0, 19086.0, 19086.0	19086.0	19086.0	6.027, 7.108, 6.361	6.499	6.361	1.0	"{""concordance"":1.0}"	0.3.0	2026-04-15T00:00:00	2026-04-15T00:00:00	scale
scanpy	scanpy 1.11.5	large	4	Windows	heart_adult	baseline	ok	3	5.160, 4.762, 4.914	4.946	4.914	24108.0, 24108.0, 24108.0	24108.0	24108.0						0.3.0	2026-04-15T00:00:00	2026-04-15T00:00:00	flat
scanpy	scanpy 1.11.5	large	4	Windows	heart_adult	patched	ok	3	0.967, 1.438, 0.909	1.105	0.967	24547.0, 24547.0, 24547.0	24547.0	24547.0	5.277, 3.548, 5.613	4.813	5.277	1.0	"{""concordance"":1.0}"	0.3.0	2026-04-15T00:00:00	2026-04-15T00:00:00	scale
scanpy	scanpy 1.11.5	medium	4	Windows	pbmc200k_glaucoma	baseline	ok	3	1.957, 1.945, 1.947	1.95	1.947	9212.0, 9212.0, 9212.0	9212.0	9212.0						0.3.0	2026-04-15T00:00:00	2026-04-15T00:00:00	flat
scanpy	scanpy 1.11.5	medium	4	Windows	pbmc200k_glaucoma	patched	ok	3	0.470, 0.479, 0.485	0.478	0.479	9643.0, 9643.0, 9643.0	9643.0	9643.0	4.236, 4.150, 4.099	4.162	4.15	1.0	"{""concordance"":1.0}"	0.3.0	2026-04-15T00:00:00	2026-04-15T00:00:00	scale
scanpy	scanpy 1.11.5	small	4	Windows	pbmc68k	baseline	ok	3	0.245, 0.238, 0.245	0.243	0.245	633.0, 633.0, 633.0	633.0	633.0						0.3.0	2026-04-15T00:00:00	2026-04-15T00:00:00	flat
scanpy	scanpy 1.11.5	small	4	Windows	pbmc68k	patched	ok	3	0.009, 0.008, 0.008	0.008	0.008	1061.0, 1061.0, 1061.0	1061.0	1061.0	28.102, 29.160, 30.112	29.125	29.16	1.0	"{""concordance"":1.0}"	0.3.0	2026-04-15T00:00:00	2026-04-15T00:00:00	scale
scanpy	scanpy 1.11.5	ood_large1	4	Windows	splitseq_rosenberg	baseline	ok	3	1.132, 1.075, 1.064	1.091	1.075	5082.0, 5082.0, 5082.0	5082.0	5082.0						0.3.0	2026-04-15T00:00:00	2026-04-15T00:00:00	flat
scanpy	scanpy 1.11.5	ood_large1	4	Windows	splitseq_rosenberg	patched	ok	3	0.132, 0.121, 0.121	0.125	0.121	5355.0, 5355.0, 5355.0	5355.0	5355.0	8.199, 8.981, 8.996	8.725	8.981	1.0	"{""concordance"":1.0}"	0.3.0	2026-04-15T00:00:00	2026-04-15T00:00:00	scale
scanpy	scanpy 1.11.5	ood_large2	4	Windows	tms_ss2	baseline	ok	3	5.208, 2.922, 4.099	4.076	4.099	10956.0, 10956.0, 10956.0	10956.0	10956.0						0.3.0	2026-04-15T00:00:00	2026-04-15T00:00:00	flat
scanpy	scanpy 1.11.5	ood_large2	4	Windows	tms_ss2	patched	ok	3	0.656, 0.677, 0.659	0.664	0.659	11391.0, 11391.0, 11391.0	11391.0	11391.0	4.773, 4.626, 4.752	4.717	4.752	1.0	"{""concordance"":1.0}"	0.3.0	2026-04-15T00:00:00	2026-04-15T00:00:00	scale
scanpy	scanpy 1.11.5	ood_large3	1	macOS	gastrulation_pijuansala	baseline	ok	3	2.161, 1.954, 2.341	2.152	2.161	10381.0, 11815.6, 9761.0	10652.542	10381.016						0.3.0	2026-05-28T19:47:09	2026-06-05T09:00:00	scale
scanpy	scanpy 1.11.5	ood_large3	1	macOS	gastrulation_pijuansala	patched	ok	3	1.626, 1.605, 1.471	1.567	1.605	11794.9, 11780.2, 11792.8	11789.308	11792.8	1.324, 1.341, 1.463	1.376	1.341	1.0	"{""one_minus_rel_err"":1.0}"	0.3.0	2026-05-28T19:47:09	2026-06-05T09:00:00	scale
scanpy	scanpy 1.11.5	large	1	macOS	heart_adult	baseline	ok	3	2.503, 2.535, 2.531	2.523	2.531	12393.1, 15617.7, 16854.0	14954.938	15617.734						0.3.0	2026-05-26T02:56:36	2026-06-04T05:00:00	scale
scanpy	scanpy 1.11.5	large	1	macOS	heart_adult	patched	ok	5	2.334, 2.334, 2.315, 2.323, 2.271	2.315	2.323	14993.7, 16122.8, 19540.3, 19540.3, 19540.3	17947.471	19540.3	1.081, 1.081, 1.090, 1.086, 1.111	1.09	1.086	1.0	"{""one_minus_rel_err"":1.0}"	0.3.0	2026-05-26T02:56:36	2026-06-04T05:00:00	scale
scanpy	scanpy 1.11.5	medium	1	macOS	pbmc200k_glaucoma	baseline	ok	2	1.026, 0.913	0.97	0.97	6781.5, 6794.7	6788.1	6788.1						0.3.0	2026-06-04T05:00:00	2026-06-04T05:00:00	scale
scanpy	scanpy 1.11.5	medium	1	macOS	pbmc200k_glaucoma	patched	ok	6	0.685, 0.676, 0.684, 0.660, 0.658, 0.657	0.67	0.668	6916.2, 6916.2, 6916.2, 6928.4, 6928.4, 6928.4	6922.3	6922.3	1.415, 1.434, 1.417, 1.469, 1.473, 1.476	1.447	1.452	1.0		0.3.0	2026-06-04T05:00:00	2026-06-04T05:00:00	scale
scanpy	scanpy 1.11.5	small	1	macOS	pbmc68k	baseline	ok	2	0.032, 0.028	0.03	0.03	827.2, 844.9	836.039	836.039						0.3.0	2026-05-26T02:56:36	2026-05-26T02:56:36	scale
scanpy	scanpy 1.11.5	small	1	macOS	pbmc68k	patched	ok	3	0.019, 0.020, 0.020	0.02	0.02	835.4, 835.7, 820.6	830.58	835.438	1.541, 1.483, 1.497	1.507	1.497	1.0	"{""one_minus_rel_err"":1.0}"	0.3.0	2026-05-26T02:56:36	2026-06-08T16:00:00	scale
scanpy	scanpy 1.11.5	ood_large1	1	macOS	splitseq_rosenberg	baseline	ok	3	0.463, 0.470, 0.532	0.488	0.47	3527.4, 3531.1, 3409.0	3489.167	3527.391						0.3.0	2026-05-28T19:47:09	2026-06-05T09:00:00	scale
scanpy	scanpy 1.11.5	ood_large1	1	macOS	splitseq_rosenberg	patched	ok	3	0.369, 0.369, 0.355	0.365	0.369	3531.2, 3523.4, 3527.3	3527.288	3527.3	1.323, 1.323, 1.376	1.34	1.323	1.0	"{""one_minus_rel_err"":1.0}"	0.3.0	2026-05-28T19:47:09	2026-06-05T09:00:00	scale
scanpy	scanpy 1.11.5	ood_large2	1	macOS	tms_ss2	baseline	ok	3	1.189, 1.084, 1.107	1.127	1.107	6725.7, 7057.7, 6932.0	6905.13	6932.0						0.3.0	2026-05-28T19:04:16	2026-06-05T09:00:00	scale
scanpy	scanpy 1.11.5	ood_large2	1	macOS	tms_ss2	patched	ok	3	0.833, 0.822, 0.808	0.821	0.822	7067.3, 7060.6, 7049.9	7059.258	7060.562	1.353, 1.370, 1.395	1.372	1.37	1.0	"{""one_minus_rel_err"":0.999999}"	0.3.0	2026-05-28T19:04:16	2026-06-05T09:00:00	scale
scanpy	scanpy 1.11.5	ood_large3	14	macOS	gastrulation_pijuansala	baseline	ok	3	1.753, 1.644, 1.547	1.648	1.644	7164.9, 11687.7, 11687.7	10180.1	11687.7						0.3.0	2026-06-04T05:00:00	2026-06-05T09:00:00	scale
scanpy	scanpy 1.11.5	ood_large3	14	macOS	gastrulation_pijuansala	patched	ok	3	0.249, 0.253, 0.254	0.252	0.253	9868.0, 9868.0, 9868.0	9868.0	9868.0	6.618, 6.514, 6.488	6.54	6.514	1.0		0.3.0	2026-06-04T05:00:00	2026-06-04T05:00:00	scale
scanpy	scanpy 1.11.5	large	14	macOS	heart_adult	baseline	ok	2	1.970, 2.202	2.086	2.086	15591.3, 17411.4	16501.36	16501.36						0.3.0	2026-05-26T04:21:33	2026-06-04T05:00:00	scale
scanpy	scanpy 1.11.5	large	14	macOS	heart_adult	patched	ok	5	0.319, 0.324, 0.319, 0.316, 0.321	0.32	0.319	14192.2, 17678.3, 18636.8, 18636.8, 18636.8	17556.199	18636.8	6.543, 6.448, 6.540, 6.602, 6.499	6.526	6.54	1.0	"{""one_minus_rel_err"":1.0}"	0.3.0	2026-05-26T04:21:33	2026-06-04T05:00:00	scale
scanpy	scanpy 1.11.5	medium	14	macOS	pbmc200k_glaucoma	baseline	ok	2	0.864, 0.798	0.831	0.831	6804.1, 6766.4	6785.25	6785.25						0.3.0	2026-06-04T05:00:00	2026-06-04T05:00:00	scale
scanpy	scanpy 1.11.5	medium	14	macOS	pbmc200k_glaucoma	patched	ok	6	0.078, 0.074, 0.073, 0.068, 0.076, 0.068	0.073	0.073	6940.4, 6940.4, 6940.4, 6912.7, 6912.7, 6912.7	6926.55	6926.55	10.654, 11.230, 11.384, 12.221, 10.934, 12.221	11.44	11.307	1.0		0.3.0	2026-06-04T05:00:00	2026-06-04T05:00:00	scale
scanpy	scanpy 1.11.5	small	14	macOS	pbmc68k	baseline	ok	2	0.026, 0.128	0.077	0.077	835.4, 734.1	784.74	784.74						0.3.0	2026-05-26T04:21:33	2026-06-04T05:00:00	scale
scanpy	scanpy 1.11.5	small	14	macOS	pbmc68k	patched	ok	5	0.003, 0.003, 0.003, 0.003, 0.003	0.003	0.003	837.2, 830.3, 818.7, 818.7, 818.7	824.726	818.7	23.807, 23.726, 25.679, 25.679, 25.679	24.914	25.679	1.0	"{""one_minus_rel_err"":1.0}"	0.3.0	2026-05-26T04:21:33	2026-06-04T05:00:00	scale
scanpy	scanpy 1.11.5	ood_large1	14	macOS	splitseq_rosenberg	baseline	ok	3	0.469, 0.465, 0.379	0.438	0.465	3427.6, 3443.3, 3443.3	3438.067	3443.3						0.3.0	2026-06-04T05:00:00	2026-06-05T09:00:00	scale
scanpy	scanpy 1.11.5	ood_large1	14	macOS	splitseq_rosenberg	patched	ok	3	0.043, 0.044, 0.041	0.043	0.043	3531.8, 3531.8, 3531.8	3531.8	3531.8	10.178, 9.947, 10.675	10.267	10.178	1.0		0.3.0	2026-06-04T05:00:00	2026-06-04T05:00:00	scale
scanpy	scanpy 1.11.5	ood_large2	14	macOS	tms_ss2	baseline	ok	3	1.071, 0.957, 0.865	0.964	0.957	6945.7, 6957.1, 6957.1	6953.3	6957.1						0.3.0	2026-06-04T05:00:00	2026-06-05T09:00:00	scale
scanpy	scanpy 1.11.5	ood_large2	14	macOS	tms_ss2	patched	ok	3	0.091, 0.083, 0.099	0.091	0.091	7048.5, 7048.5, 7037.1	7044.7	7048.5	10.597, 11.618, 9.741	10.652	10.597	1.0		0.3.0	2026-06-04T05:00:00	2026-06-08T16:00:00	scale
scanpy	scanpy 1.11.5	ood_large3	4	macOS	gastrulation_pijuansala	baseline	ok	3	1.856, 1.760, 1.650	1.755	1.76	11348.8, 11162.5, 11482.6	11331.302	11348.812						0.3.0	2026-05-28T19:49:21	2026-05-28T19:49:21	scale
scanpy	scanpy 1.11.5	ood_large3	4	macOS	gastrulation_pijuansala	patched	ok	3	0.517, 0.704, 0.438	0.553	0.517	11775.3, 10535.3, 11769.6	11360.062	11769.625	3.398, 2.492, 4.007	3.299	3.398	1.0	"{""one_minus_rel_err"":1.0}"	0.3.0	2026-05-28T19:49:21	2026-05-28T19:49:21	scale
scanpy	scanpy 1.11.5	large	4	macOS	heart_adult	baseline	ok	2	2.077, 2.091	2.084	2.084	15302.7, 16064.0	15683.391	15683.391						0.3.0	2026-05-26T03:05:32	2026-05-26T03:05:32	scale
scanpy	scanpy 1.11.5	large	4	macOS	heart_adult	patched	ok	2	0.696, 0.700	0.698	0.698	16213.6, 16141.5	16177.555	16177.555	2.994, 2.975	2.985	2.985	1.0	"{""one_minus_rel_err"":1.0}"	0.3.0	2026-05-26T03:05:32	2026-05-26T03:05:32	scale
scanpy	scanpy 1.11.5	medium	4	macOS	pbmc200k_glaucoma	baseline	ok	2	0.881, 0.818	0.849	0.849	6811.2, 6784.7	6797.95	6797.95						0.3.0	2026-06-04T05:00:00	2026-06-04T05:00:00	scale
scanpy	scanpy 1.11.5	medium	4	macOS	pbmc200k_glaucoma	patched	ok	6	0.181, 0.178, 0.179, 0.174, 0.174, 0.175	0.177	0.176	6918.1, 6918.1, 6918.1, 6913.0, 6913.0, 6913.0	6915.55	6915.55	4.693, 4.772, 4.746, 4.882, 4.882, 4.854	4.805	4.813	1.0		0.3.0	2026-06-04T05:00:00	2026-06-04T05:00:00	scale
scanpy	scanpy 1.11.5	small	4	macOS	pbmc68k	baseline	ok	2	0.026, 0.026	0.026	0.026	828.9, 840.0	834.469	834.469						0.3.0	2026-05-26T03:05:32	2026-05-26T03:05:32	scale
scanpy	scanpy 1.11.5	small	4	macOS	pbmc68k	patched	ok	3	0.006, 0.006, 0.006	0.006	0.006	835.8, 837.4, 834.6	835.945	835.828	4.713, 4.632, 4.321	4.555	4.632	1.0	"{""one_minus_rel_err"":1.0}"	0.3.0	2026-05-26T03:05:32	2026-06-08T16:00:00	scale
scanpy	scanpy 1.11.5	ood_large1	4	macOS	splitseq_rosenberg	baseline	ok	3	0.409, 0.467, 0.496	0.457	0.467	3535.4, 3524.8, 3423.1	3494.44	3524.828						0.3.0	2026-05-28T19:49:21	2026-06-05T09:00:00	scale
scanpy	scanpy 1.11.5	ood_large1	4	macOS	splitseq_rosenberg	patched	ok	3	0.099, 0.102, 0.091	0.097	0.099	3521.4, 3523.0, 3504.9	3516.441	3521.438	4.619, 4.465, 5.023	4.702	4.619	1.0	"{""one_minus_rel_err"":1.0}"	0.3.0	2026-05-28T19:49:21	2026-06-05T09:00:00	scale
scanpy	scanpy 1.11.5	ood_large2	4	macOS	tms_ss2	baseline	ok	3	0.944, 0.933, 1.003	0.96	0.944	7067.0, 7057.7, 6941.5	7022.083	7057.734						0.3.0	2026-05-28T19:05:57	2026-06-05T09:00:00	scale
scanpy	scanpy 1.11.5	ood_large2	4	macOS	tms_ss2	patched	ok	3	0.235, 0.236, 0.216	0.229	0.235	7062.8, 7059.9, 7057.4	7060.04	7059.938	4.086, 4.067, 4.444	4.199	4.086	1.0	"{""one_minus_rel_err"":0.999999}"	0.3.0	2026-05-28T19:05:57	2026-06-05T09:00:00	scale
scanpy	scanpy 1.11.5	ood_large3	8	macOS	gastrulation_pijuansala	baseline	ok	2	1.626, 1.540	1.583	1.583	11385.8, 11779.5	11582.648	11582.648						0.3.0	2026-05-28T19:50:45	2026-05-28T19:50:45	scale
scanpy	scanpy 1.11.5	ood_large3	8	macOS	gastrulation_pijuansala	patched	ok	2	0.235, 0.212	0.224	0.224	11786.1, 11803.5	11794.773	11794.773	6.740, 7.453	7.097	7.097	1.0	"{""one_minus_rel_err"":1.0}"	0.3.0	2026-05-28T19:50:45	2026-05-28T19:50:45	scale
scanpy	scanpy 1.11.5	ood_large2	8	macOS	tms_ss2	baseline	ok	2	0.901, 0.906	0.903	0.903	7046.0, 7058.9	7052.469	7052.469						0.3.0	2026-05-28T19:07:37	2026-05-28T19:07:37	scale
scanpy	scanpy 1.11.5	ood_large2	8	macOS	tms_ss2	patched	ok	2	0.114, 0.120	0.117	0.117	7075.8, 7079.8	7077.781	7077.781	7.927, 7.505	7.716	7.716	1.0	"{""one_minus_rel_err"":0.999999}"	0.3.0	2026-05-28T19:07:37	2026-05-28T19:07:37	scale
